,accountability_explanation__instructed_deception,accountability_explanation__instrumental_pressure,accountability_explanation__role_based_social_dynamics,factual_qa__instructed_deception,factual_qa__instrumental_pressure,factual_qa__role_based_social_dynamics,reporting_evaluation__instructed_deception,reporting_evaluation__instrumental_pressure,reporting_evaluation__role_based_social_dynamics
accountability_explanation__instructed_deception,0.9444444444444444,0.6458333333333333,0.9615384615384616,0.9545454545454546,0.898989898989899,0.5,0.8500000000000001,0.8333333333333333,0.6
accountability_explanation__instrumental_pressure,0.8181818181818181,0.8333333333333333,0.8461538461538461,0.5909090909090909,0.8888888888888888,0.8516483516483516,0.65,0.9285714285714286,0.85
accountability_explanation__role_based_social_dynamics,0.8535353535353536,0.7708333333333333,0.9615384615384616,0.9090909090909092,0.898989898989899,0.5714285714285714,0.8,0.9166666666666667,0.6
factual_qa__instructed_deception,0.8333333333333333,0.5,0.9285714285714286,1.0,0.7727272727272727,0.5,0.8500000000000001,0.8333333333333333,0.55
factual_qa__instrumental_pressure,0.9090909090909092,0.7708333333333333,0.9615384615384616,0.8636363636363636,0.9444444444444444,0.532967032967033,0.8,0.8809523809523809,0.65
factual_qa__role_based_social_dynamics,0.7727272727272727,0.7083333333333334,0.8076923076923077,0.5909090909090909,0.7222222222222222,0.9230769230769231,0.55,0.7857142857142857,0.95
reporting_evaluation__instructed_deception,0.7777777777777778,0.5,0.7857142857142857,0.7777777777777778,0.6818181818181819,0.5,0.9,0.6666666666666666,0.5
reporting_evaluation__instrumental_pressure,0.8636363636363636,0.8125,0.8461538461538461,0.6818181818181819,0.8888888888888888,0.7802197802197802,0.7,0.9642857142857143,0.7
reporting_evaluation__role_based_social_dynamics,0.7272727272727273,0.6666666666666666,0.7692307692307692,0.5909090909090909,0.7222222222222222,0.9230769230769231,0.55,0.7142857142857143,1.0
